{
	"Id": 0,
	"Name": "ROOT",
	"Active": true,
	"Dynamic": true,
	"Selected": true,
	"UserData": 0,
	"LocalMatrix": [1.0, 0.0, 0.0, 0.0, 0.0, 1.0, 0.0, 0.0, 0.0, 0.0, 1.0, 0.0, 0.0, 0.0, 0.0, 1.0],
	"Type": "Root",
	"Children": [{
			"Id": 1,
			"Name": "Camera_000",
			"Active": true,
			"Dynamic": true,
			"Selected": true,
			"UserData": 0,
			"LocalMatrix": [0.9999998211860657, 5.540982783713844e-9, -0.00000654647737974301, 0.0, -0.0000026481470740691295, 0.9148734211921692, -0.40374040603637698, 0.0, 0.000005986961696180515, 0.40374040603637698, 0.9148734211921692, 0.0, -2.0268874168395998, 54.14849853515625, 116.49657440185547, 1.0],
			"Type": "Camera",
			"Up": 0.4142135679721832,
			"Down": -0.4142135679721832,
			"Right": 0.7878747582435608,
			"Left": -0.7878747582435608,
			"Near": 0.10000000149011612,
			"Far": 1000.0,
			"WorldMatrix": [0.9999998211860657, 5.540982783713844e-9, -0.00000654647737974301, 0.0, -0.0000026481470740691295, 0.9148734211921692, -0.40374040603637698, 0.0, 0.000005986961696180515, 0.40374040603637698, 0.9148734211921692, 0.0, -2.0268874168395998, 54.14849853515625, 116.49657440185547, 1.0],
			"Orthographic": false,
			"Asymmetrical": false,
			"Infinite": true,
			"Reversed": false,
			"HasGpuBuffer": true,
			"XForms": [{
					"Class": "XForm_FreeCamera",
					"Position": [-2.0268874168395998, 54.14849853515625, 116.49657440185547],
					"Orientation": [-0.2063085436820984, 0.000003202250127287698, 6.780081207580224e-7, 0.9784868955612183],
					"MaxSpeed": 10.0,
					"MaxSpeedMultiplier": 5.0,
					"AccelerationTime": 0.10000000149011612,
					"RotationInputMultiplier": 0.10000000149011612,
					"RotationDamping": 0.00019999999494757503
				}]
		}],
	"DrawCameraId": 1,
	"CullCameraId": 1
}