{
	"Id": 0,
	"Name": "ROOT",
	"Active": true,
	"Dynamic": true,
	"Selected": true,
	"UserData": 0,
	"LocalMatrix": [1.0, 0.0, 0.0, 0.0, 0.0, 1.0, 0.0, 0.0, 0.0, 0.0, 1.0, 0.0, 0.0, 0.0, 0.0, 1.0],
	"Type": "Root",
	"Children": [{
			"Id": 1,
			"Name": "Camera_000",
			"Active": true,
			"Dynamic": true,
			"Selected": true,
			"UserData": 0,
			"LocalMatrix": [-0.01664257049560547, 0.0000014901161193847657, 0.9998577833175659, 0.0, 0.9998164176940918, 0.00910159945487976, 0.016641885042190553, 0.0, -0.009100288152694703, 0.9999549388885498, -0.00015297532081604004, 0.0, 0.5176634192466736, 3.3001952171325685, 0.5184860825538635, 1.0],
			"Type": "Camera",
			"Up": 0.4142135679721832,
			"Down": -0.4142135679721832,
			"Right": 0.801459014415741,
			"Left": -0.801459014415741,
			"Near": 0.10000000149011612,
			"Far": 1000.0,
			"WorldMatrix": [-0.01664257049560547, 0.0000014901161193847657, 0.9998577833175659, 0.0, 0.9998164176940918, 0.00910159945487976, 0.016641885042190553, 0.0, -0.009100288152694703, 0.9999549388885498, -0.00015297532081604004, 0.0, 0.5176634192466736, 3.3001952171325685, 0.5184860825538635, 1.0],
			"Orthographic": false,
			"Asymmetrical": false,
			"Infinite": true,
			"Reversed": false,
			"HasGpuBuffer": true,
			"XForms": [{
					"Class": "XForm_FreeCamera",
					"Position": [0.5176634192466736, 3.3001952171325685, 0.5184860825538635],
					"Orientation": [-0.4935598075389862, -0.5064319968223572, -0.5018426775932312, 0.4980718791484833],
					"MaxSpeed": 10.0,
					"MaxSpeedMultiplier": 5.0,
					"AccelerationTime": 0.10000000149011612,
					"RotationInputMultiplier": 0.10000000149011612,
					"RotationDamping": 0.00019999999494757503
				}]
		}],
	"DrawCameraId": 1,
	"CullCameraId": 1
}