{
	"Id": 0,
	"Name": "ROOT",
	"Active": true,
	"Dynamic": true,
	"Selected": true,
	"UserData": 0,
	"LocalMatrix": [1.0, 0.0, 0.0, 0.0, 0.0, 1.0, 0.0, 0.0, 0.0, 0.0, 1.0, 0.0, 0.0, 0.0, 0.0, 1.0],
	"Type": "Root",
	"Children": [{
			"Id": 1,
			"Name": "Camera_000",
			"Active": true,
			"Dynamic": true,
			"Selected": true,
			"UserData": 0,
			"LocalMatrix": [0.9912368655204773, 1.5459954738616944e-7, -0.13129739463329316, 0.0, 0.008734098635613919, 0.9976798892021179, 0.06593972444534302, 0.0, 0.13100658357143403, -0.06651565432548523, 0.9890411496162415, 0.0, 6.19780158996582, 10.202474594116211, 44.37923049926758, 1.0],
			"Type": "Camera",
			"Up": 0.4142135679721832,
			"Down": -0.4142135679721832,
			"Right": 0.7800817489624023,
			"Left": -0.7800817489624023,
			"Near": 0.10000000149011612,
			"Far": 1000.0,
			"WorldMatrix": [0.9912368655204773, 1.5459954738616944e-7, -0.13129739463329316, 0.0, 0.008734098635613919, 0.9976798892021179, 0.06593972444534302, 0.0, 0.13100658357143403, -0.06651565432548523, 0.9890411496162415, 0.0, 6.19780158996582, 10.202474594116211, 44.37923049926758, 1.0],
			"Orthographic": false,
			"Asymmetrical": false,
			"Infinite": true,
			"Reversed": false,
			"HasGpuBuffer": true,
			"XForms": [{
					"Class": "XForm_FreeCamera",
					"Position": [6.19780158996582, 10.202474594116211, 44.37923049926758],
					"Orientation": [0.033205900341272357, 0.06575829535722733, -0.002189556136727333, 0.9972277283668518],
					"MaxSpeed": 10.0,
					"MaxSpeedMultiplier": 5.0,
					"AccelerationTime": 0.10000000149011612,
					"RotationInputMultiplier": 0.10000000149011612,
					"RotationDamping": 0.000019999999494757504
				}]
		}, {
			"Id": 5,
			"Name": "Camera_002",
			"Active": true,
			"Dynamic": true,
			"Selected": false,
			"UserData": 0,
			"LocalMatrix": [-0.7809982895851135, 2.086162567138672e-7, 0.6245318651199341, 0.0, -0.5402779579162598, 0.5016114711761475, -0.6756360530853272, 0.0, -0.31327271461486819, -0.8650920391082764, -0.3917579650878906, 0.0, 0.0, 0.0, 0.0, 1.0],
			"Type": "Camera",
			"Up": 0.008726866915822029,
			"Down": -0.008726866915822029,
			"Right": 0.008726866915822029,
			"Left": -0.008726866915822029,
			"Near": 1.0,
			"Far": 1.0,
			"WorldMatrix": [-0.7809982895851135, 2.086162567138672e-7, 0.6245318651199341, 0.0, -0.5402779579162598, 0.5016114711761475, -0.6756360530853272, 0.0, -0.31327271461486819, -0.8650920391082764, -0.3917579650878906, 0.0, 0.0, 0.0, 0.0, 1.0],
			"Orthographic": false,
			"Asymmetrical": false,
			"Infinite": true,
			"Reversed": false,
			"HasGpuBuffer": true,
			"XForms": [{
					"Class": "XForm_FreeCamera",
					"Position": [0.0, 0.0, 0.0],
					"Orientation": [-0.165187269449234, 0.8176745772361755, -0.4710700809955597, -0.2867291569709778],
					"MaxSpeed": 10.0,
					"MaxSpeedMultiplier": 5.0,
					"AccelerationTime": 0.10000000149011612,
					"RotationInputMultiplier": 0.10000000149011612,
					"RotationDamping": 0.00019999999494757503
				}]
		}],
	"DrawCameraId": 1,
	"CullCameraId": 1
}